Gender,Age,Location,Time of class (pm),Duration (min)
Male,16-30,Pakistan,10:30,60
Male,16-30,Pakistan,10:00,60
Male,16-30,Pakistan,10:00,30
Male,30-40,Pakistan,9:30,30
Male,16-30,East,9:30,60
Male,16-30,Pakistan,10:00,60
Male,30-40,Pakistan,10:30,45
Male,16-30,West,10:30,30
Male,16-30,Pakistan,10:00,60
Male,30-40,Pakistan,10:30,45
Male,16-30,Pakistan,10:00,60
Male,16-30,Pakistan,10:30,60
Male,16-30,Pakistan,9:30,30
Male,16-30,East,9:30,45
Female,30-40,Pakistan,9:30,60
Male,16-30,West,10:30,45
Female,16-30,Pakistan,10:30,60
Male,16-30,Pakistan,10:00,60
Male,30-40,Pakistan,10:30,60
Female,16-30,East,9:30,45
Male,16-30,Pakistan,9:30,30
Male,30-40,Pakistan,10:30,60
Male,16-30,Pakistan,10:00,45
Female,16-30,Pakistan,10:00,45
Male,16-30,Pakistan,10:30,60
Male,16-30,Pakistan,10:30,45
Male,>50,Pakistan,10:30,60
Male,30-40,Pakistan,10:00,45
Male,16-30,Pakistan,10:00,30
Male,30-40,East,9:30,60
Male,16-30,Pakistan,10:30,45
Male,16-30,Pakistan,10:00,60
Male,16-30,Pakistan,10:00,60
Male,30-40,West,10:00,45
Male,16-30,Pakistan,10:30,45
Female,16-30,Pakistan,9:30,45
Female,16-30,West,10:30,45
Male,16-30,Pakistan,10:00,60
Male,16-30,Pakistan,10:00,45
Male,16-30,West,10:30,30
Male,30-40,Pakistan,10:00,45
Female,16-30,Pakistan,10:30,60
Male,16-30,East,9:30,45
Male,16-30,Pakistan,9:30,45
Male,16-30,Pakistan,10:00,30
Male,30-40,Pakistan,9:30,60
Male,30-40,West,10:30,45
Male,30-40,Pakistan,10:30,60
Female,16-30,Pakistan,9:30,60
Female,16-30,West,10:30,30
Male,16-30,Pakistan,10:00,45
Male,30-40,Pakistan,10:00,30
Male,16-30,Pakistan,10:00,45
Male,16-30,Pakistan,10:30,60
Female,16-30,Pakistan,10:00,60
Female,16-30,East,9:30,60
Male,16-30,Pakistan,10:00,60
Male,16-30,Pakistan,9:30,45
Male,16-30,Pakistan,10:30,60
Male,16-30,Pakistan,10:00,45
Male,30-40,Pakistan,10:00,45
Female,30-40,Pakistan,10:30,45
Male,16-30,West,10:30,45
Male,30-40,Pakistan,10:30,60
Male,16-30,East,9:30,60
Male,16-30,Pakistan,10:30,45
Male,40-50,West,10:30,45
Male,16-30,Pakistan,10:00,45
Female,16-30,Pakistan,10:00,45
Male,16-30,Pakistan,9:30,45
Male,16-30,Pakistan,10:30,45
Male,16-30,Pakistan,9:30,45
Male,16-30,Pakistan,10:30,30
Male,16-30,West,10:00,45
Male,30-40,East,10:30,30
Male,16-30,West,10:30,60
Male,16-30,Pakistan,10:30,30
Male,30-40,Pakistan,10:00,45
Male,16-30,Pakistan,10:30,60
Male,16-30,Pakistan,10:30,45
Male,30-40,Pakistan,10:00,30
Female,30-40,Pakistan,10:00,45
Male,16-30,Pakistan,10:30,45
Male,16-30,Pakistan,10:30,45
Male,16-30,Pakistan,9:30,30
Male,16-30,Pakistan,10:00,45
Female,16-30,Pakistan,9:30,45
Male,30-40,Pakistan,9:30,45
Female,16-30,Pakistan,9:30,60
Male,16-30,Pakistan,10:00,60
Male,30-40,Pakistan,10:00,60
Female,16-30,Pakistan,10:30,45
Male,16-30,Pakistan,10:30,45
Male,16-30,Pakistan,9:30,60
Male,40-50,Pakistan,9:30,30
Male,16-30,Pakistan,10:00,45
Female,16-30,Pakistan,10:30,45
Male,16-30,Pakistan,10:00,30
Male,16-30,Pakistan,10:00,30
Male,16-30,Pakistan,9:30,30
Male,16-30,East,10:30,30
Male,16-30,Pakistan,9:30,45
Male,30-40,Pakistan,9:30,45
Male,30-40,Pakistan,10:00,45
Female,16-30,West,10:30,60
Male,16-30,Pakistan,10:30,45
Male,16-30,Pakistan,9:30,60
Male,30-40,Pakistan,10:00,45
Male,16-30,Pakistan,10:00,60
Male,16-30,Pakistan,10:30,60
Female,16-30,Pakistan,10:00,30
Male,16-30,Pakistan,10:00,30
Female,30-40,Pakistan,10:00,60
Male,30-40,Pakistan,9:30,45
Male,16-30,Pakistan,10:30,60
Male,30-40,West,9:30,30
Male,40-50,Pakistan,10:00,45
Female,16-30,Pakistan,10:30,45
Male,16-30,Pakistan,10:00,60
Male,16-30,Pakistan,9:30,60
Male,30-40,East,9:30,60
Male,16-30,Pakistan,9:30,60
Male,16-30,Pakistan,10:00,45
Male,16-30,West,10:30,60
Male,16-30,Pakistan,10:30,60
Female,16-30,Pakistan,9:30,30
Female,30-40,West,10:30,60
Male,16-30,Pakistan,10:30,45
Female,30-40,Pakistan,10:30,60
Male,16-30,Pakistan,10:30,45
Male,16-30,Pakistan,10:00,30
Male,16-30,Pakistan,9:30,45
Male,16-30,Pakistan,9:30,60
Male,16-30,Pakistan,9:30,30
Female,30-40,Pakistan,10:00,30
Male,40-50,Pakistan,10:00,30
Female,16-30,Pakistan,10:00,30
Male,16-30,West,9:30,45
Male,40-50,Pakistan,10:30,60
Male,30-40,West,10:30,45
Female,16-30,Pakistan,10:00,45
Male,30-40,Pakistan,10:30,45
Male,>50,West,10:30,45
Male,16-30,Pakistan,10:00,60
Female,16-30,Pakistan,10:30,45
Male,16-30,Pakistan,9:30,60
Male,16-30,Pakistan,9:30,60
Male,30-40,Pakistan,9:30,60
Male,16-30,Pakistan,9:30,45
Male,30-40,Pakistan,10:00,60
Male,16-30,Pakistan,10:30,45
Male,16-30,Pakistan,10:30,60
Male,16-30,Pakistan,9:30,45
Female,16-30,Pakistan,10:00,45
Male,16-30,Pakistan,9:30,60
Male,16-30,Pakistan,10:30,30
Male,16-30,Pakistan,10:30,60
Male,16-30,Pakistan,10:00,30
Male,16-30,Pakistan,10:00,60
Male,30-40,Pakistan,10:00,60
Male,16-30,Pakistan,10:30,30
Male,16-30,Pakistan,10:30,30
Female,16-30,Pakistan,10:00,60
Male,>50,Pakistan,10:00,45
Male,30-40,Pakistan,10:30,60
Male,30-40,Pakistan,10:00,45
Male,16-30,Pakistan,10:30,30
Male,30-40,Pakistan,10:00,60
Male,16-30,Pakistan,9:30,60
Male,15-Jan,West,10:30,30
Male,30-40,West,10:30,60
Male,16-30,Pakistan,10:30,30
Male,16-30,Pakistan,9:30,30
Male,16-30,Pakistan,9:30,45
Male,16-30,Pakistan,10:30,60
Male,30-40,Pakistan,10:00,45
Male,16-30,Pakistan,10:30,45
Male,16-30,Pakistan,9:30,45
Female,30-40,Pakistan,10:30,45
Male,16-30,Pakistan,10:00,30
Male,16-30,Pakistan,10:00,60
Male,16-30,Pakistan,10:00,60
Male,30-40,Pakistan,10:30,45
Female,15-Jan,West,10:30,45
Female,16-30,Pakistan,9:30,45
Male,40-50,Pakistan,10:30,45
Male,30-40,Pakistan,9:30,60
Male,30-40,Pakistan,10:00,30
Male,16-30,Pakistan,9:30,45
Male,16-30,Pakistan,10:30,60
Male,16-30,Pakistan,10:30,30
Male,16-30,Pakistan,10:30,45
Male,16-30,Pakistan,10:00,45
Male,16-30,Pakistan,10:30,45
Female,30-40,Pakistan,10:30,45
Male,16-30,Pakistan,10:30,60
Female,16-30,Pakistan,9:30,45
Male,30-40,Pakistan,10:00,45
Male,16-30,Pakistan,10:30,45
Female,16-30,Pakistan,10:00,30
Male,16-30,Pakistan,10:30,60
Male,16-30,Pakistan,10:30,60
Male,16-30,Pakistan,10:30,60
Male,16-30,Pakistan,10:30,60
Female,16-30,Pakistan,10:30,30
Male,30-40,Pakistan,10:30,60
Male,30-40,West,10:30,45
Male,16-30,Pakistan,10:00,45
Male,16-30,Pakistan,10:00,60
Male,16-30,Pakistan,9:30,30
Male,16-30,East,9:30,60
Male,16-30,Pakistan,9:30,45
Male,16-30,Pakistan,10:00,45
Male,16-30,Pakistan,10:30,45
Female,16-30,Pakistan,10:00,45
Female,16-30,Pakistan,9:30,60
Male,30-40,Pakistan,9:30,45
Female,16-30,Pakistan,9:30,45
Female,16-30,West,10:30,45
Male,30-40,Pakistan,10:00,45
Male,16-30,Pakistan,10:00,30
Male,30-40,Pakistan,9:30,45
Male,16-30,Pakistan,10:00,45
Male,16-30,Pakistan,9:30,30
Male,16-30,Pakistan,10:30,45
Female,16-30,Pakistan,10:00,60
Male,16-30,Pakistan,10:30,30
Male,30-40,Pakistan,9:30,60
Male,30-40,Pakistan,10:30,45
Male,40-50,Pakistan,10:00,45
Male,16-30,Pakistan,10:00,60
Male,16-30,Pakistan,9:30,30
Male,30-40,East,9:30,60
Male,30-40,Pakistan,9:30,60
Male,30-40,Pakistan,10:30,60
Male,16-30,Pakistan,10:30,45
Male,16-30,Pakistan,10:00,60
Male,16-30,West,10:00,60
Female,16-30,Pakistan,10:00,45
Female,16-30,Pakistan,10:00,60
Male,30-40,Pakistan,9:30,45
Male,16-30,West,10:30,30
Male,16-30,Pakistan,9:30,45
Male,16-30,Pakistan,10:00,60
Male,16-30,Pakistan,9:30,45
Male,16-30,Pakistan,10:30,30
Male,16-30,Pakistan,9:30,60
Male,16-30,Pakistan,9:30,45
Female,16-30,West,10:30,60
Male,16-30,Pakistan,9:30,45
Male,16-30,Pakistan,10:30,30
Male,30-40,West,10:00,45
Male,16-30,Pakistan,10:30,45
Male,16-30,East,9:30,30
Male,16-30,East,9:30,60
Male,16-30,Pakistan,10:30,30
Male,30-40,West,10:30,60
Female,30-40,Pakistan,10:30,45
Male,16-30,West,10:00,45
Female,16-30,Pakistan,10:30,30
Male,16-30,Pakistan,10:30,30
Female,16-30,West,10:30,45
Female,16-30,East,10:00,45
Female,16-30,Pakistan,9:30,45
Male,30-40,Pakistan,10:30,30
Male,16-30,Pakistan,10:00,60
Male,16-30,Pakistan,10:00,45
Male,16-30,Pakistan,10:00,30
Female,16-30,Pakistan,10:30,30
Male,16-30,Pakistan,10:00,60
Female,16-30,Pakistan,9:30,45
Male,16-30,Pakistan,10:30,30
Female,16-30,Pakistan,10:30,60
Male,16-30,Pakistan,10:00,60
Male,16-30,Pakistan,10:00,30
Female,16-30,West,10:00,30
Female,16-30,Pakistan,10:30,30
Male,16-30,West,10:30,30
Male,16-30,Pakistan,10:30,60
Female,30-40,Pakistan,10:00,45
Male,16-30,Pakistan,9:30,30
Female,16-30,Pakistan,10:30,45
Female,16-30,Pakistan,9:30,30
Male,30-40,Pakistan,9:30,60
Male,16-30,Pakistan,10:30,60
Male,16-30,Pakistan,10:00,60
Male,16-30,Pakistan,10:30,45
Male,16-30,Pakistan,10:30,45
Male,16-30,Pakistan,10:30,30
Male,16-30,Pakistan,10:30,30
Male,16-30,Pakistan,10:30,60
Male,16-30,Pakistan,9:30,45
Male,16-30,Pakistan,10:30,60
Male,16-30,Pakistan,10:00,60
Male,16-30,West,10:30,30
Female,16-30,Pakistan,9:30,30
Female,16-30,Pakistan,9:30,60
Male,16-30,Pakistan,9:30,45
Male,16-30,Pakistan,10:00,45
Male,16-30,Pakistan,10:00,45
Female,16-30,Pakistan,10:30,30
Male,16-30,Pakistan,9:30,30
Male,16-30,Pakistan,10:30,45
Male,16-30,Pakistan,10:00,60
Female,16-30,Pakistan,10:30,60
Male,16-30,Pakistan,10:30,45
